{
    "Plugins": [
        {
            "Info": {
                "Types": {
                    "UsdImagingOpenVDBAssetAdapter": {
                        "bases": [
                            "UsdImagingFieldAdapter"
                        ],
                        "isInternal": true,
                        "primTypeName": "OpenVDBAsset"
                    },
                    "UsdImagingField3DAssetAdapter": {
                        "bases": [
                            "UsdImagingFieldAdapter"
                        ],
                        "isInternal": true,
                        "primTypeName": "Field3DAsset"
                    }
                }
            },
            "LibraryPath": "../../usdVolImaging.dll",
            "Name": "usdVolImaging",
            "ResourcePath": "resources",
            "Root": "..",
            "Type": "library"
        }
    ]
}
