{
    "Plugins": [
        {
            "Info": {
                "Types": {
                    "NdrDiscoveryPlugin": {},
                    "_NdrFilesystemDiscoveryPlugin" : {
                        "bases": ["NdrDiscoveryPlugin"],
                        "displayName": "Filesystem Discovery"
                    },
                    "NdrParserPlugin": {}
                }
            },
            "LibraryPath": "../../ndr.dll", 
            "Name": "ndr", 
            "ResourcePath": "resources", 
            "Root": "..", 
            "Type": "library"
        }
    ]
}
