{
    "Plugins": [
        {
            "Info": {
                "ShaderResources": "shaders",
                "Types": {                                                                  
                    "Glf_StbImage" : {
                        "bases": ["GlfImage"],
                        "imageTypes": ["bmp", "jpg", "jpeg", "png", "tga", "hdr"],
                        "precedence": -1 
                    },
                    "GlfPtexTexture" : {
                        "bases": ["GlfTexture"],
                        "textureTypes": ["ptx", "ptex"],
                        "precedence": 1
                    },
                    "GlfUVTexture" : {
                        "bases": ["GlfBaseTexture"],
                        "textureTypes": ["*"],
                        "precedence": 0
                    },
                    "GlfVdbTexture" : {
                        "bases": ["GlfBaseTexture"],
                        "textureTypes": ["vdb"],
                        "precedence": 0
                    }
                }
            },
            "LibraryPath": "../../glf.dll",
            "Name": "glf",
            "ResourcePath": "resources",
            "Root": "..",
            "Type": "library"
        }
    ]
}
